{"cameraMode":{"drawMode":0,"name":"Shaded","section":"Shading Mode"},"sceneLighting":true,"audioPlay":false,"sceneViewState":{"m_AlwaysRefresh":false,"showFog":true,"showSkybox":true,"showFlares":true,"showImageEffects":true,"showParticleSystems":true,"showVisualEffectGraphs":true,"m_FxEnabled":false},"in2DMode":false,"pivot":{"x":-3.2802605628967287,"y":-15.465858459472657,"z":30.205167770385743},"rotation":{"x":0.3798532783985138,"y":-0.11746132373809815,"z":0.04869530722498894,"w":0.9162670373916626},"size":18.51067352294922,"orthographic":false}