{"cameraMode":{"drawMode":0,"name":"Shaded","section":"Shading Mode"},"sceneLighting":true,"audioPlay":false,"sceneViewState":{"m_AlwaysRefresh":false,"showFog":true,"showSkybox":true,"showFlares":true,"showImageEffects":true,"showParticleSystems":true,"showVisualEffectGraphs":true,"m_FxEnabled":false},"in2DMode":false,"pivot":{"x":-17.732454299926759,"y":-18.227649688720704,"z":103.78661346435547},"rotation":{"x":0.09343001246452332,"y":-0.08353063464164734,"z":0.007882450707256794,"w":0.9921050071716309},"size":63.31792449951172,"orthographic":false}