{"cameraMode":{"drawMode":0,"name":"Shaded","section":"Shading Mode"},"sceneLighting":true,"audioPlay":false,"sceneViewState":{"m_AlwaysRefresh":false,"showFog":true,"showSkybox":true,"showFlares":true,"showImageEffects":true,"showParticleSystems":true,"showVisualEffectGraphs":true,"m_FxEnabled":false},"in2DMode":false,"pivot":{"x":0.008288145065307618,"y":1.3856585025787354,"z":10.019573211669922},"rotation":{"x":0.35923534631729128,"y":0.015397580340504647,"z":-0.0059276241809129719,"w":0.9331024885177612},"size":2.913005828857422,"orthographic":false}