{"cameraMode":{"drawMode":0,"name":"Shaded","section":"Shading Mode"},"sceneLighting":true,"audioPlay":false,"sceneViewState":{"m_AlwaysRefresh":false,"showFog":true,"showSkybox":true,"showFlares":true,"showImageEffects":true,"showParticleSystems":true,"showVisualEffectGraphs":true,"m_FxEnabled":false},"in2DMode":false,"pivot":{"x":6.091529846191406,"y":-0.8976140022277832,"z":9.94283390045166},"rotation":{"x":0.22544190287590028,"y":0.004383967258036137,"z":-0.0010160423116758466,"w":0.9742514491081238},"size":8.942270278930664,"orthographic":false}