{"cameraMode":{"drawMode":0,"name":"Shaded","section":"Shading Mode"},"sceneLighting":true,"audioPlay":false,"sceneViewState":{"m_AlwaysRefresh":false,"showFog":true,"showSkybox":true,"showFlares":true,"showImageEffects":true,"showParticleSystems":true,"showVisualEffectGraphs":true,"m_FxEnabled":false},"in2DMode":false,"pivot":{"x":0.2523200511932373,"y":-5.519641876220703,"z":11.534969329833985},"rotation":{"x":-0.33423498272895815,"y":-0.0093342000618577,"z":0.0033095937687903644,"w":-0.9424422979354858},"size":14.205437660217286,"orthographic":false}